subject_id	subject_label	predicate_id	object_id	object_label	object_source	mapping_justification	author_id	comment
ti-o:HipFracture	Hip Fracture	skos:exactMatch	SNOMED:700097003	Fracture of neck of femur	SNOMED CT	Manual mapping	loesvdb	OMOP standard concept reached via SNOMED source vocabulary in the OMOP concept table
ti-o:THP	Total Hip Replacement	skos:exactMatch	SNOMED:52734007	total hip replacement	SNOMED CT	Manual mapping	loesvdb	OMOP standard concept reached via SNOMED source vocabulary in the OMOP concept table
OMOP:4266062	Revision of total hip replacement (procedure)	skos:exactMatch	SNOMED:62402000	Revision of total hip replacement (procedure)	SNOMED CT	Manual mapping	loesvdb	OMOP standard concept reached via SNOMED source vocabulary in the OMOP concept table
ti-o:HeadNeckOralCavity	Oral cavity malignancy	skos:exactMatch	ICDO3:C00	Malignant neoplasm of lip	ICD-O-3	AI-assisted mapping (unreviewed)	copilot	Indicator 3 (DHNA) inclusion — Mondholte
ti-o:HeadNeckOralCavity	Oral cavity malignancy	skos:exactMatch	ICDO3:C02	Malignant neoplasm of tongue	ICD-O-3	AI-assisted mapping (unreviewed)	copilot	Indicator 3 (DHNA) inclusion — Mondholte
ti-o:HeadNeckOralCavity	Oral cavity malignancy	skos:exactMatch	ICDO3:C03	Malignant neoplasm of gum	ICD-O-3	AI-assisted mapping (unreviewed)	copilot	Indicator 3 (DHNA) inclusion — Mondholte
ti-o:HeadNeckOralCavity	Oral cavity malignancy	skos:exactMatch	ICDO3:C04	Malignant neoplasm of floor of mouth	ICD-O-3	AI-assisted mapping (unreviewed)	copilot	Indicator 3 (DHNA) inclusion — Mondholte
ti-o:HeadNeckOralCavity	Oral cavity malignancy	skos:exactMatch	ICDO3:C05.0	Malignant neoplasm of hard palate	ICD-O-3	AI-assisted mapping (unreviewed)	copilot	Indicator 3 (DHNA) inclusion — Mondholte
ti-o:HeadNeckOralCavity	Oral cavity malignancy	skos:exactMatch	ICDO3:C05.8	Malignant neoplasm, overlapping lesion of palate	ICD-O-3	AI-assisted mapping (unreviewed)	copilot	Indicator 3 (DHNA) inclusion — Mondholte (spec: "C5.8-9")
ti-o:HeadNeckOralCavity	Oral cavity malignancy	skos:exactMatch	ICDO3:C05.9	Malignant neoplasm of palate, NOS	ICD-O-3	AI-assisted mapping (unreviewed)	copilot	Indicator 3 (DHNA) inclusion — Mondholte (spec: "C5.8-9")
ti-o:HeadNeckOralCavity	Oral cavity malignancy	skos:exactMatch	ICDO3:C06.0	Malignant neoplasm of cheek mucosa	ICD-O-3	AI-assisted mapping (unreviewed)	copilot	Indicator 3 (DHNA) inclusion — Mondholte (spec: "C06.0-8")
ti-o:HeadNeckOralCavity	Oral cavity malignancy	skos:exactMatch	ICDO3:C06.1	Malignant neoplasm of vestibule of mouth	ICD-O-3	AI-assisted mapping (unreviewed)	copilot	Indicator 3 (DHNA) inclusion — Mondholte (spec: "C06.0-8")
ti-o:HeadNeckOralCavity	Oral cavity malignancy	skos:exactMatch	ICDO3:C06.2	Malignant neoplasm of retromolar area	ICD-O-3	AI-assisted mapping (unreviewed)	copilot	Indicator 3 (DHNA) inclusion — Mondholte (spec: "C06.0-8")
ti-o:HeadNeckOralCavity	Oral cavity malignancy	skos:exactMatch	ICDO3:C06.8	Malignant neoplasm, overlapping lesion of mouth	ICD-O-3	AI-assisted mapping (unreviewed)	copilot	Indicator 3 (DHNA) inclusion — Mondholte (spec: "C06.0-8")
ti-o:HeadNeckOropharynx	Oropharynx malignancy	skos:exactMatch	ICDO3:C01	Malignant neoplasm of base of tongue	ICD-O-3	AI-assisted mapping (unreviewed)	copilot	Indicator 3 (DHNA) inclusion — Orofarynx
ti-o:HeadNeckOropharynx	Oropharynx malignancy	skos:exactMatch	ICDO3:C05.1	Malignant neoplasm of soft palate, NOS	ICD-O-3	AI-assisted mapping (unreviewed)	copilot	Indicator 3 (DHNA) inclusion — Orofarynx (spec: "C05.1-2")
ti-o:HeadNeckOropharynx	Oropharynx malignancy	skos:exactMatch	ICDO3:C05.2	Malignant neoplasm of uvula	ICD-O-3	AI-assisted mapping (unreviewed)	copilot	Indicator 3 (DHNA) inclusion — Orofarynx (spec: "C05.1-2")
ti-o:HeadNeckOropharynx	Oropharynx malignancy	skos:exactMatch	ICDO3:C09	Malignant neoplasm of tonsil	ICD-O-3	AI-assisted mapping (unreviewed)	copilot	Indicator 3 (DHNA) inclusion — Orofarynx
ti-o:HeadNeckOropharynx	Oropharynx malignancy	skos:exactMatch	ICDO3:C10.0	Malignant neoplasm of vallecula	ICD-O-3	AI-assisted mapping (unreviewed)	copilot	Indicator 3 (DHNA) inclusion — Orofarynx
ti-o:HeadNeckOropharynx	Oropharynx malignancy	skos:exactMatch	ICDO3:C10.1	Malignant neoplasm of tonsillar pillar	ICD-O-3	AI-assisted mapping (unreviewed)	copilot	Indicator 3 (DHNA) inclusion — Orofarynx
ti-o:HeadNeckOropharynx	Oropharynx malignancy	skos:exactMatch	ICDO3:C10.2	Malignant neoplasm of lateral wall of oropharynx	ICD-O-3	AI-assisted mapping (unreviewed)	copilot	Indicator 3 (DHNA) inclusion — Orofarynx (spec: "C10.2-4")
ti-o:HeadNeckOropharynx	Oropharynx malignancy	skos:exactMatch	ICDO3:C10.3	Malignant neoplasm of posterior wall of oropharynx	ICD-O-3	AI-assisted mapping (unreviewed)	copilot	Indicator 3 (DHNA) inclusion — Orofarynx (spec: "C10.2-4")
ti-o:HeadNeckOropharynx	Oropharynx malignancy	skos:exactMatch	ICDO3:C10.4	Malignant neoplasm of branchial cleft	ICD-O-3	AI-assisted mapping (unreviewed)	copilot	Indicator 3 (DHNA) inclusion — Orofarynx (spec: "C10.2-4")
ti-o:HeadNeckOropharynx	Oropharynx malignancy	skos:exactMatch	ICDO3:C10.8	Malignant neoplasm, overlapping lesion of oropharynx	ICD-O-3	AI-assisted mapping (unreviewed)	copilot	Indicator 3 (DHNA) inclusion — Orofarynx (spec: "C10.8-9")
ti-o:HeadNeckOropharynx	Oropharynx malignancy	skos:exactMatch	ICDO3:C10.9	Malignant neoplasm of oropharynx, NOS	ICD-O-3	AI-assisted mapping (unreviewed)	copilot	Indicator 3 (DHNA) inclusion — Orofarynx (spec: "C10.8-9")
ti-o:HeadNeckOropharynx	Oropharynx malignancy	skos:exactMatch	ICDO3:C14	Malignant neoplasm of ill-defined sites in lip, oral cavity and pharynx	ICD-O-3	AI-assisted mapping (unreviewed)	copilot	Indicator 3 (DHNA) inclusion — Orofarynx
ti-o:HeadNeckNasopharynx	Nasopharynx malignancy	skos:exactMatch	ICDO3:C11	Malignant neoplasm of nasopharynx	ICD-O-3	AI-assisted mapping (unreviewed)	copilot	Indicator 3 (DHNA) inclusion — Nasofarynx
ti-o:HeadNeckHypopharynx	Hypopharynx malignancy	skos:exactMatch	ICDO3:C12	Malignant neoplasm of pyriform sinus	ICD-O-3	AI-assisted mapping (unreviewed)	copilot	Indicator 3 (DHNA) inclusion — Hypofarynx
ti-o:HeadNeckHypopharynx	Hypopharynx malignancy	skos:exactMatch	ICDO3:C13	Malignant neoplasm of hypopharynx	ICD-O-3	AI-assisted mapping (unreviewed)	copilot	Indicator 3 (DHNA) inclusion — Hypofarynx
ti-o:HeadNeckLarynx	Larynx malignancy	skos:exactMatch	ICDO3:C32.0	Malignant neoplasm of glottis	ICD-O-3	AI-assisted mapping (unreviewed)	copilot	Indicator 3 (DHNA) inclusion — Larynx
ti-o:HeadNeckLarynx	Larynx malignancy	skos:exactMatch	ICDO3:C32.1	Malignant neoplasm of supraglottis	ICD-O-3	AI-assisted mapping (unreviewed)	copilot	Indicator 3 (DHNA) inclusion — Larynx
ti-o:HeadNeckLarynx	Larynx malignancy	skos:exactMatch	ICDO3:C32.2	Malignant neoplasm of subglottis	ICD-O-3	AI-assisted mapping (unreviewed)	copilot	Indicator 3 (DHNA) inclusion — Larynx
ti-o:HeadNeckLarynx	Larynx malignancy	skos:exactMatch	ICDO3:C32.8	Malignant neoplasm, overlapping lesion of larynx	ICD-O-3	AI-assisted mapping (unreviewed)	copilot	Indicator 3 (DHNA) inclusion — Larynx
ti-o:HeadNeckLarynx	Larynx malignancy	skos:exactMatch	ICDO3:C32.9	Malignant neoplasm of larynx, NOS	ICD-O-3	AI-assisted mapping (unreviewed)	copilot	Indicator 3 (DHNA) inclusion — Larynx
ti-o:HeadNeckNasalCavityAndSinuses	Nasal cavity and sinuses malignancy	skos:exactMatch	ICDO3:C30	Malignant neoplasm of nasal cavity and middle ear	ICD-O-3	AI-assisted mapping (unreviewed)	copilot	Indicator 3 (DHNA) inclusion — Neusholte en neusbijholten
ti-o:HeadNeckNasalCavityAndSinuses	Nasal cavity and sinuses malignancy	skos:exactMatch	ICDO3:C31	Malignant neoplasm of accessory sinuses	ICD-O-3	AI-assisted mapping (unreviewed)	copilot	Indicator 3 (DHNA) inclusion — Neusholte en neusbijholten
ti-o:HeadNeckSalivaryGlands	Malignant salivary glands malignancy	skos:exactMatch	ICDO3:C07	Malignant neoplasm of parotid gland	ICD-O-3	AI-assisted mapping (unreviewed)	copilot	Indicator 3 (DHNA) inclusion — Maligne speekselklieren
ti-o:HeadNeckSalivaryGlands	Malignant salivary glands malignancy	skos:exactMatch	ICDO3:C08	Malignant neoplasm of other and unspecified major salivary glands	ICD-O-3	AI-assisted mapping (unreviewed)	copilot	Indicator 3 (DHNA) inclusion — Maligne speekselklieren
ti-o:HeadNeckSalivaryGlands	Malignant salivary glands malignancy	skos:exactMatch	ICDO3:C08.9	Malignant neoplasm of major salivary gland, NOS	ICD-O-3	AI-assisted mapping (unreviewed)	copilot	Indicator 3 (DHNA) inclusion — Maligne speekselklieren
ti-o:HeadNeckLymphNodeMetastases	Lymph node metastases of unknown primary (squamous cell carcinoma)	skos:exactMatch	ICDO3:C80	Malignant neoplasm of unknown primary site	ICD-O-3	AI-assisted mapping (unreviewed)	copilot	Indicator 3 (DHNA) inclusion — Lymfkliermetastasen plaveiselcelcarcinoom van onbekende origine
ti-o:CarcinomaInSitu	Carcinoma in situ (morphology)	skos:exactMatch	TODO:VERIFY	Carcinoma in situ	SNOMED CT	PLACEHOLDER — not yet verified	copilot	Indicator 3 (DHNA) exclusion — behavior code /2 (CIS); needs a real SNOMED/ICD-O-3 morphology mapping before use, see NEW_CONCEPT_WORKFLOW.md
ti-o:HeadNeckOtherExcludedHistology	Other excluded head and neck histology (mucosal melanoma, thyroid, skin, sarcoma, neuro-endocrine, haematological malignancy)	skos:exactMatch	TODO:VERIFY	Other excluded histology	SNOMED CT	PLACEHOLDER — not yet verified	copilot	Indicator 3 (DHNA) exclusion — likely needs multiple rows (one per histology group), see NEW_CONCEPT_WORKFLOW.md
ti-o:HeadNeckResection	Resection of primary head and neck malignancy	skos:exactMatch	TODO:VERIFY	Resection procedure	SNOMED CT	PLACEHOLDER — not yet verified	copilot	Indicator 3 (DHNA) inclusion (procedure) — likely needs multiple SNOMED procedure codes depending on tumor site (glossectomy, laryngectomy, maxillectomy, neck dissection, etc.), see NEW_CONCEPT_WORKFLOW.md
ti-o:AdenocarcinomaOfPancreas	Pancreas adenocarcinoom	skos:exactMatch	SNOMED:700423003	Adenocarcinoma of pancreas	SNOMED CT	semapv:ManualMappingCuration	loesvdb (transcribed by copilot)	Transcribed from existing skos:closeMatch in transparantie_indicatoren.owl.ttl; underlying curation is loesvdb's, transcription into this SSSOM row is AI-assisted — spot-check recommended
ti-o:AvascularNecrosis	Avascular necrosis	skos:exactMatch	SNOMED:31384009	Avascular necrosis of bone	SNOMED CT	semapv:ManualMappingCuration	loesvdb (transcribed by copilot)	Transcribed from existing skos:closeMatch in transparantie_indicatoren.owl.ttl; underlying curation is loesvdb's, transcription into this SSSOM row is AI-assisted — spot-check recommended
ti-o:Coxarthrosis	Coxarthrosis	skos:exactMatch	SNOMED:416940007	Coxarthrosis	SNOMED CT	semapv:ManualMappingCuration	loesvdb (transcribed by copilot)	Transcribed from existing skos:closeMatch in transparantie_indicatoren.owl.ttl; underlying curation is loesvdb's, transcription into this SSSOM row is AI-assisted — spot-check recommended
